{"x_mean": [89.99370738238217, 89.99835265902293, 0.13034607080506788], "x_std": [35.71050339970275, 36.97517387951471, 0.06916947279676884], "N": 100651038, "seed": 1234, "RR": 100, "H": 400, "L": 3, "learning_rate": 5e-05, "epoch_max": 500, "early_stopping": 100, "batch_size": 5000, "batch_per_epoch": 200, "epoch_store_every": 50, "progress_bar": true, "n_ene_win": 7, "gpu_mode": true, "loss_values": "", "final_epoch": 229, "best_epoch": 128, "best_epoch_index": 37, "best_loss": 0.010658515830389896, "training_filename": "results.pqydguf0/train.root", "training_size": 100651038, "start date": "Tue Dec 15 12:00:27 2020", "end date": "Tue Dec 15 13:04:16 2020", "hostname": "r13i4n7"}